2,Dr A S Kumar,ASKumar@testmail.com,M,1970-01-01,9b6bc21913d2c97b94f5025be68666b2,https://apolloadmin.askapollo.com/Images/doctors/dermatology/dr-a-s-kumar-dermatology-in-hyderabad.jpg,1,2,1
3,Dr Aishwarya Malladi,AishwaryaMalladi@testmail.com,M,1970-01-02,9b6bc21913d2c97b94f5025be68666b3,https://apolloadmin.askapollo.com/Images/doctors/dermatology/dr-aishwarya-malladi-dermatology-in-visakhapatnam.jpeg,2,2,1
4,Dr Ajay Mujja,AjayMujja@testmail.com,F,1970-01-03,9b6bc21913d2c97b94f5025be68666b4,https://apolloadmin.askapollo.com/Images/DoctorImages/defaultprofilepicmale.jpg,3,2,1
5,Dr Alekya Singapore,AlekyaSingapore@testmail.com,F,1970-01-04,9b6bc21913d2c97b94f5025be68666b5,https://apolloadmin.askapollo.com/Images/doctors/dermatology/dr-alekya-singapore-dermatology-in-hyderabad.jpg,4,2,1
6,Dr Anju Mangla,AnjuMangla@testmail.com,F,1970-01-05,9b6bc21913d2c97b94f5025be68666b6,https://apolloadmin.askapollo.com/Images/doctors/dermatology/dr-anju-mangla-dermatology-in-noida.jpg,5,2,1
7,Dr Anshul Warman,AnshulWarman@testmail.com,F,1970-01-06,9b6bc21913d2c97b94f5025be68666b7,https://apolloadmin.askapollo.com/Images/doctors/dermatology/dr-anshul-warman-dermatology-in-ahmedabad.jpg,6,2,1
8,Dr Antionetta Ashwini J,AntionettaAshwiniJ@testmail.com,F,1970-01-07,9b6bc21913d2c97b94f5025be68666b8,https://apolloadmin.askapollo.com/Images/DoctorImages/defaultprofilepicbig.jpg,7,2,1
9,Dr Anuj Singh,AnujSingh@testmail.com,F,1970-01-08,9b6bc21913d2c97b94f5025be68666b9,https://apolloadmin.askapollo.com/Images/doctors/dermatology/dr-anuj-singh-dermatology-in-chennai.jpg,8,2,1
10,Dr Anuja Aggarwal,AnujaAggarwal@testmail.com,F,1970-01-09,9b6bc21913d2c97b94f5025be68666b10,https://apolloadmin.askapollo.com/Images/doctors/dermatology/dr-anuja-aggarwal-dermatology-in-noida.jpg,9,2,1
11,Dr Apoorva Raghavan,ApoorvaRaghavan@testmail.com,M,1970-01-10,9b6bc21913d2c97b94f5025be68666b11,https://apolloadmin.askapollo.com/Images/doctors/dermatology/dr-apoorva-raghavan-dermatology-in-chennai.jpg,10,2,1
12,Dr Arun Agarwal,ArunAgarwal@testmail.com,M,1970-01-11,9b6bc21913d2c97b94f5025be68666b12,https://apolloadmin.askapollo.com/Images/doctors/dermatology/dr-arun-agarwal-dermatology-in-guwahati.jpg,11,2,1
13,Dr Ashiq Mohamed,AshiqMohamed@testmail.com,M,1970-01-12,9b6bc21913d2c97b94f5025be68666b13,https://apolloadmin.askapollo.com/Images/doctors/dermatology/dr-ashiq-mohamed-dermatology-in-chennai.jpg,12,2,1
14,Dr Ashwak Ahmed,AshwakAhmed@testmail.com,M,1970-01-13,9b6bc21913d2c97b94f5025be68666b14,https://apolloadmin.askapollo.com/Images/doctors/dermatology/dr-ashwak-ahmed-dermatology-in-chennai.jpg,13,2,1
15,Dr Asmita Dhekne Chebbi,AsmitaDhekneChebbi@testmail.com,M,1970-01-14,9b6bc21913d2c97b94f5025be68666b15,https://apolloadmin.askapollo.com/Images/DoctorImages/defaultprofilepicbig.jpg,14,2,1
16,Dr Atul Taneja,AtulTaneja@testmail.com,M,1970-01-15,9b6bc21913d2c97b94f5025be68666b16,https://apolloadmin.askapollo.com/Images/doctors/dermatology/dr-atul-taneja-dermatology-in-kolkata.jpg,15,2,1
17,Dr Bharat Chawda,BharatChawda@testmail.com,M,1970-01-16,9b6bc21913d2c97b94f5025be68666b17,https://apolloadmin.askapollo.com/Images/doctors/dermatology/dr-bharat-chawda-dermatology-in-bhilai.jpg,16,2,1
18,Dr Col Rajagopal A,ColRajagopalA@testmail.com,M,1970-01-17,9b6bc21913d2c97b94f5025be68666b18,https://apolloadmin.askapollo.com/Images/doctors/dermatology/dr-col-rajagopal-a-dermatology-in-chennai.jpg,17,2,1
19,Dr D M Mahajan,DMMahajan@testmail.com,F,1970-01-18,9b6bc21913d2c97b94f5025be68666b19,https://apolloadmin.askapollo.com/Images/doctors/dermatology/dr-d-m-mahajan-dermatology-in-delhi.jpg,18,2,1
20,Dr Dayananda T R,DayanandaTR@testmail.com,F,1970-01-19,9b6bc21913d2c97b94f5025be68666b20,https://apolloadmin.askapollo.com/Images/doctors/dermatology/dr-dayananda-t-r-dermatology-in-mysore.jpg,19,2,1
21,Dr Elizebeth Jaysheelan,ElizebethJaysheelan@testmail.com,F,1970-01-20,9b6bc21913d2c97b94f5025be68666b21,https://apolloadmin.askapollo.com/Images/doctors/dermatology/dr-elizebeth-jaysheelan-dermatology-in-bangalore.jpg,14,2,1
22,Dr Fariya Rasheed,FariyaRasheed@testmail.com,F,1970-01-21,9b6bc21913d2c97b94f5025be68666b22,https://apolloadmin.askapollo.com/Images/DoctorImages/defaultprofilepicbig.jpg,20,2,1
23,Dr Gautam Dethe,GautamDethe@testmail.com,M,1970-01-22,9b6bc21913d2c97b94f5025be68666b23,https://apolloadmin.askapollo.com/Images/doctors/dermatology/dr-gautam-dethe-dermatology-in-mumbai.jpg,21,2,1
24,Dr Gavvala Manmohan,GavvalaManmohan@testmail.com,F,1970-01-23,9b6bc21913d2c97b94f5025be68666b24,https://apolloadmin.askapollo.com/Images/doctors/dermatology/dr-gavvala-manmohan-dermatology-in-hyderabad.jpg,22,2,1
25,Dr Girish Panth,GirishPanth@testmail.com,F,1970-01-24,9b6bc21913d2c97b94f5025be68666b25,https://apolloadmin.askapollo.com/Images/doctors/dermatology/dr-girish-panth-dermatology-in-bangalore.jpg,23,2,1
26,Dr I S Reddy,ISReddy@testmail.com,F,1970-01-25,9b6bc21913d2c97b94f5025be68666b26,https://apolloadmin.askapollo.com/Images/doctors/dermatology/dr-i-s-reddy-dermatology-in-hyderabad.jpg,24,2,1
27,Dr Jaidev Yadav,JaidevYadav@testmail.com,M,1970-01-26,9b6bc21913d2c97b94f5025be68666b27,https://apolloadmin.askapollo.com/Images/doctors/dermatology/dr-jaidev-yadav-dermatology-in-bangalore.png,25,2,1
28,Dr Jayaraaman A M,JayaraamanAM@testmail.com,F,1970-01-27,9b6bc21913d2c97b94f5025be68666b28,https://apolloadmin.askapollo.com/Images/DoctorImages/defaultprofilepicmale.jpg,26,2,1
29,Dr Jyotisterna Mittal,JyotisternaMittal@testmail.com,F,1970-01-28,9b6bc21913d2c97b94f5025be68666b29,https://apolloadmin.askapollo.com/Images/DoctorImages/defaultprofilepicbig.jpg,27,2,1
30,Dr K Surya,KSurya@testmail.com,F,1970-01-29,9b6bc21913d2c97b94f5025be68666b30,https://apolloadmin.askapollo.com/Images/doctors/dermatology/dr-k-surya-dermatology-in-nellore.jpg,28,2,1
31,Dr Kamal Uddin,KamalUddin@testmail.com,M,1970-01-30,9b6bc21913d2c97b94f5025be68666b31,https://apolloadmin.askapollo.com/Images/DoctorImages/defaultprofilepicmale.jpg,29,2,1
32,Dr Kapil Arora,KapilArora@testmail.com,M,1970-01-31,9b6bc21913d2c97b94f5025be68666b32,https://apolloadmin.askapollo.com/Images/doctors/dermatology/dr-kapil-arora-dermatology-in-noida.jpg,9,2,1
33,Dr Khozema Saify,KhozemaSaify@testmail.com,M,1970-02-01,9b6bc21913d2c97b94f5025be68666b33,https://apolloadmin.askapollo.com/Images/doctors/dermatology/dr-khozema-saify-dermatology-in-gwalior.jpg,30,2,1
34,Dr Khushbu Tantia,KhushbuTantia@testmail.com,F,1970-02-02,9b6bc21913d2c97b94f5025be68666b34,https://apolloadmin.askapollo.com/Images/doctors/dermatology/dr-khushbu-tantia-dermatology-in-kolkata.jpg,15,2,1
35,Dr Lahary A K,LaharyAK@testmail.com,F,1970-02-03,9b6bc21913d2c97b94f5025be68666b35,https://apolloadmin.askapollo.com/Images/doctors/dermatology/dr-lahary-a-k-dermatology-in-hyderabad.jpg,1,2,1
36,Dr Manish V Gautam,ManishVGautam@testmail.com,F,1970-02-04,9b6bc21913d2c97b94f5025be68666b36,https://apolloadmin.askapollo.com/Images/doctors/dermatology/dr-manish-v-gautam-dermatology-in-mumbai.png,21,2,1
37,Dr Manjyot Gautam,ManjyotGautam@testmail.com,M,1970-02-05,9b6bc21913d2c97b94f5025be68666b37,https://apolloadmin.askapollo.com/Images/doctors/dermatology/dr-manjyot-gautam-dermatology-in-mumbai.jpg,21,2,1
38,Dr Manu Saksena,ManuSaksena@testmail.com,F,1970-02-06,9b6bc21913d2c97b94f5025be68666b38,https://apolloadmin.askapollo.com/Images/doctors/dermatology/dr-manu-saksena-dermatology-in-delhi.jpg,31,2,1
39,Dr Mohan Gupta,MohanGupta@testmail.com,M,1970-02-07,9b6bc21913d2c97b94f5025be68666b39,https://apolloadmin.askapollo.com/Images/doctors/dermatology-venereology-and-leprology/dr-mohan-gupta-dermatology-venereology-and-leprology-in-bilaspur.jpg,32,2,1
40,Dr Monika Rajpal,MonikaRajpal@testmail.com,F,1970-02-08,9b6bc21913d2c97b94f5025be68666b40,https://apolloadmin.askapollo.com/Images/doctors/dermatology/dr-monika-rajpal-dermatology-in-noida.jpg,9,2,1
41,Dr Mousumi Das Goswami,MousumiDasGoswami@testmail.com,M,1970-02-09,9b6bc21913d2c97b94f5025be68666b41,https://apolloadmin.askapollo.com/Images/doctors/dermatology/dr-mousumi-das-goswami-dermatology-in-guwahati.jpg,11,2,1
42,Dr Murlidhar Rajagopalan,MurlidharRajagopalan@testmail.com,F,1970-02-10,9b6bc21913d2c97b94f5025be68666b42,https://apolloadmin.askapollo.com/Images/doctors/dermatology/dr-murlidhar-rajagopalan-dermatology-in-chennai.jpg,7,2,1
43,Dr Muthu Subramaniam S,MuthuSubramaniamS@testmail.com,M,1970-02-11,9b6bc21913d2c97b94f5025be68666b43,https://apolloadmin.askapollo.com/Images/doctors/dermatology/dr-muthu-subramaniam-s-dermatology-in-chennai.jpg,33,2,1
44,Dr Nandini Gupta,NandiniGupta@testmail.com,F,1970-02-12,9b6bc21913d2c97b94f5025be68666b44,https://apolloadmin.askapollo.com/Images/DoctorImages/defaultprofilepicbig.jpg,34,2,1
45,Dr Navaneetha Reddy,NavaneethaReddy@testmail.com,M,1970-02-13,9b6bc21913d2c97b94f5025be68666b45,https://apolloadmin.askapollo.com/Images/DoctorImages/defaultprofilepicbig.jpg,3,2,1
46,Dr P Vaidya,PVaidya@testmail.com,M,1970-02-14,9b6bc21913d2c97b94f5025be68666b46,https://apolloadmin.askapollo.com/Images/DoctorImages/defaultprofilepicmale.jpg,35,2,1
47,Dr Padmavathy M,PadmavathyM@testmail.com,M,1970-02-15,9b6bc21913d2c97b94f5025be68666b47,https://apolloadmin.askapollo.com/Images/doctors/dermatology/dr-padmavathy-m-dermatology-in-madurai.jpg,36,2,1
48,Dr Pallavi Gaddam Reddy,PallaviGaddamReddy@testmail.com,M,1970-02-16,9b6bc21913d2c97b94f5025be68666b48,https://apolloadmin.askapollo.com/Images/doctors/dermatology/dr-pallavi-gaddam-reddy-dermatology-in-hyderabad.jpg,24,2,1
49,Dr Priya K,PriyaK@testmail.com,M,1970-02-17,9b6bc21913d2c97b94f5025be68666b49,https://apolloadmin.askapollo.com/Images/doctors/dermatology/dr-priya-k-dermatology-in-chennai.jpg,7,2,1
50,Dr Prof Kiran Godse,ProfKiranGodse@testmail.com,M,1970-02-18,9b6bc21913d2c97b94f5025be68666b50,https://apolloadmin.askapollo.com/Images/doctors/dermatology/dr-prof-kiran-godse-dermatology-in-mumbai.jpg,21,2,1
51,Dr Prof Koushik Lahiri,ProfKoushikLahiri@testmail.com,F,1970-02-19,9b6bc21913d2c97b94f5025be68666b51,https://apolloadmin.askapollo.com/Images/doctors/dermatology/dr-prof-koushik-lahiri-dermatology-in-kolkata.jpg,15,2,1
52,Dr Pushpa Gnanaraj,PushpaGnanaraj@testmail.com,F,1970-02-20,9b6bc21913d2c97b94f5025be68666b52,https://apolloadmin.askapollo.com/Images/doctors/dermatology/dr-pushpa-gnanaraj-dermatology-in-chennai.jpg,33,2,1
53,Dr RADHA PENUMATSA,RADHAPENUMATSA@testmail.com,M,1970-02-21,9b6bc21913d2c97b94f5025be68666b53,https://apolloadmin.askapollo.com/Images/doctors/dermatology/dr-radha-penumatsa-dermatology-in-hyderabad.jpg,3,2,1
54,Dr Radha Shah,RadhaShah@testmail.com,M,1970-02-22,9b6bc21913d2c97b94f5025be68666b54,https://apolloadmin.askapollo.com/Images/doctors/dermatology/dr-radha-shah-dermatology-in-hyderabad.jpg,24,2,1
55,Dr Raghavendra Reddy,RaghavendraReddy@testmail.com,F,1970-02-23,9b6bc21913d2c97b94f5025be68666b55,https://apolloadmin.askapollo.com/Images/DoctorImages/defaultprofilepicmale.jpg,3,2,1
56,Dr Rajyalaxmi Konathan,RajyalaxmiKonathan@testmail.com,F,1970-02-24,9b6bc21913d2c97b94f5025be68666b56,https://apolloadmin.askapollo.com/Images/doctors/dermatology/dr-rajyalaxmi-konathan-dermatology-in-hyderabad.jpg,1,2,1
57,Dr Ram Sushruth Pathuri,RamSushruthPathuri@testmail.com,F,1970-02-25,9b6bc21913d2c97b94f5025be68666b57,https://apolloadmin.askapollo.com/Images/DoctorImages/defaultprofilepicmale.jpg,3,2,1
58,Dr Rashmi Manjunath,RashmiManjunath@testmail.com,M,1970-02-26,9b6bc21913d2c97b94f5025be68666b58,https://apolloadmin.askapollo.com/Images/DoctorImages/defaultprofilepicbig.jpg,37,2,1
59,Dr Ravi K Joshi,RaviKJoshi@testmail.com,M,1970-02-27,9b6bc21913d2c97b94f5025be68666b59,https://apolloadmin.askapollo.com/Images/doctors/dermatology/dr-ravi-k-joshi-dermatology-in-delhi.jpg,18,2,1
60,Dr Ravichandran G,RavichandranG@testmail.com,M,1970-02-28,9b6bc21913d2c97b94f5025be68666b60,https://apolloadmin.askapollo.com/Images/doctors/dermatology/dr-ravichandran-g-dermatology-in-chennai.jpg,38,2,1
61,Dr Resmi M R,ResmiMR@testmail.com,M,1970-03-01,9b6bc21913d2c97b94f5025be68666b61,https://apolloadmin.askapollo.com/Images/DoctorImages/defaultprofilepicbig.jpg,39,2,1
62,Dr Roshni Kakitha,RoshniKakitha@testmail.com,F,1970-03-02,9b6bc21913d2c97b94f5025be68666b62,https://apolloadmin.askapollo.com/Images/DoctorImages/defaultprofilepicbig.jpg,3,2,1
63,Dr Sachin Varma,SachinVarma@testmail.com,M,1970-03-03,9b6bc21913d2c97b94f5025be68666b63,https://apolloadmin.askapollo.com/Images/doctors/dermatology/dr-sachin-varma-dermatology-in-kolkata.jpg,15,2,1
64,Dr Sajai Varghese,SajaiVarghese@testmail.com,M,1970-03-04,9b6bc21913d2c97b94f5025be68666b64,https://apolloadmin.askapollo.com/Images/doctors/dermatology/dr-sajai-varghese-dermatology-in-chennai.jpg,10,2,1
65,Dr Satyabrata Tripathy,SatyabrataTripathy@testmail.com,F,1970-03-05,9b6bc21913d2c97b94f5025be68666b65,https://apolloadmin.askapollo.com/Images/doctors/dermatology-venereology-and-leprology/dr-satyabrata-tripathy-dermatology-venereology-and-leprology-in-bhubaneswar.jpg,40,2,1
66,Dr Shafali Yadav,ShafaliYadav@testmail.com,F,1970-03-06,9b6bc21913d2c97b94f5025be68666b66,https://apolloadmin.askapollo.com/Images/doctors/dermatology/dr-shafali-yadav-dermatology-in-lucknow.jpg,41,2,1
67,Dr Shoba Sudeep,ShobaSudeep@testmail.com,M,1970-03-07,9b6bc21913d2c97b94f5025be68666b67,https://apolloadmin.askapollo.com/Images/doctors/dermatology/dr-shoba-sudeep-dermatology-in-bangalore.png,25,2,1
68,Dr Shobit Caroli,ShobitCaroli@testmail.com,F,1970-03-08,9b6bc21913d2c97b94f5025be68666b68,https://apolloadmin.askapollo.com/Images/DoctorImages/defaultprofilepicmale.jpg,9,2,1
69,Dr Shraddha M,ShraddhaM@testmail.com,F,1970-03-09,9b6bc21913d2c97b94f5025be68666b69,https://apolloadmin.askapollo.com/Images/doctors/dermatology/dr-shraddha-m-dermatology-in-chennai.jpg,42,2,1
70,Dr Shweta Agarwal,ShwetaAgarwal@testmail.com,F,1970-03-10,9b6bc21913d2c97b94f5025be68666b70,https://apolloadmin.askapollo.com/Images/doctors/dermatology/dr-shweta-agarwal-dermatology-in-mumbai.jpg,21,2,1
71,Dr Sonali Langer,SonaliLanger@testmail.com,M,1970-03-11,9b6bc21913d2c97b94f5025be68666b71,https://apolloadmin.askapollo.com/Images/doctors/dermatology/dr-sonali-langer-dermatology-in-noida.jpg,9,2,1
72,Dr Srabani Ghosh Zoha,SrabaniGhoshZoha@testmail.com,M,1970-03-12,9b6bc21913d2c97b94f5025be68666b72,https://apolloadmin.askapollo.com/Images/doctors/dermatology/dr-srabani-ghosh-zoha-dermatology-in-kolkata.jpg,15,2,1
73,Dr Srinivasan G,SrinivasanG@testmail.com,M,1970-03-13,9b6bc21913d2c97b94f5025be68666b73,https://apolloadmin.askapollo.com/Images/DoctorImages/defaultprofilepicmale.jpg,43,2,1
74,Dr Subbareddy Bovilla,SubbareddyBovilla@testmail.com,F,1970-03-14,9b6bc21913d2c97b94f5025be68666b74,https://apolloadmin.askapollo.com/Images/DoctorImages/defaultprofilepicmale.jpg,3,2,1
75,Dr Sumit Kumar Bose,SumitKumarBose@testmail.com,M,1970-03-15,9b6bc21913d2c97b94f5025be68666b75,https://apolloadmin.askapollo.com/Images/DoctorImages/defaultprofilepicmale.jpg,18,2,1
76,Dr Sunil Tolat,SunilTolat@testmail.com,M,1970-03-16,9b6bc21913d2c97b94f5025be68666b76,https://apolloadmin.askapollo.com/Images/DoctorImages/defaultprofilepicmale.jpg,35,2,1
77,Dr Surajit Gorai,SurajitGorai@testmail.com,F,1970-03-17,9b6bc21913d2c97b94f5025be68666b77,https://apolloadmin.askapollo.com/Images/doctors/dermatology/dr-surajit-gorai-dermatology-in-kolkata.jpg,15,2,1
78,Dr Swetha Sanagavarapu,SwethaSanagavarapu@testmail.com,M,1970-03-18,9b6bc21913d2c97b94f5025be68666b78,https://apolloadmin.askapollo.com/Images/doctors/dermatology/dr-swetha-sanagavarapu-dermatology-in-hyderabad.jpeg,3,2,1
79,Dr Tejaswi Cherukuri,TejaswiCherukuri@testmail.com,F,1970-03-19,9b6bc21913d2c97b94f5025be68666b79,https://apolloadmin.askapollo.com/Images/doctors/dermatology/dr-tejaswi-cherukuri-dermatology-in-chennai.jpg,8,2,1
80,Dr Vanita Mathew,VanitaMathew@testmail.com,F,1970-03-20,9b6bc21913d2c97b94f5025be68666b80,https://apolloadmin.askapollo.com/Images/DoctorImages/defaultprofilepicbig.jpg,23,2,1
81,Dr Vengopal Reddy V,VengopalReddyV@testmail.com,F,1970-03-21,9b6bc21913d2c97b94f5025be68666b81,https://apolloadmin.askapollo.com/Images/doctors/dermatology/dr-vengopal-reddy-v-dermatology-in-chennai.jpg,7,2,1
82,Dr Venugopal Reddy,VenugopalReddy@testmail.com,F,1970-03-22,9b6bc21913d2c97b94f5025be68666b82,https://apolloadmin.askapollo.com/Images/doctors/dermatology/dr-venugopal-reddy-dermatology-in-chennai.jpg,12,2,1
83,Dr Venugopal Reddy V,VenugopalReddyV@testmail.com,F,1970-03-23,9b6bc21913d2c97b94f5025be68666b83,https://apolloadmin.askapollo.com/Images/doctors/dermatology/dr-venugopal-reddy-v-dermatology-in-chennai.jpg,7,2,1
84,Dr Vijaya Bhasker,VijayaBhasker@testmail.com,M,1970-03-24,9b6bc21913d2c97b94f5025be68666b84,https://apolloadmin.askapollo.com/Images/DoctorImages/defaultprofilepicmale.jpg,3,2,1
85,Dr Vijendran Pragasam,VijendranPragasam@testmail.com,M,1970-03-25,9b6bc21913d2c97b94f5025be68666b85,https://apolloadmin.askapollo.com/Images/DoctorImages/defaultprofilepicmale.jpg,25,2,1
86,Dr Yogesh H R,YogeshHR@testmail.com,M,1970-03-26,9b6bc21913d2c97b94f5025be68666b86,https://apolloadmin.askapollo.com/Images/doctors/dermatology/dr-yogesh-h-r-dermatology-in-bangalore.jpg,44,2,1
87,Dr A K Dhar,AKDhar@testmail.com,F,1970-03-27,9b6bc21913d2c97b94f5025be68666b87,https://apolloadmin.askapollo.com/Images/DoctorImages/defaultprofilepicmale.jpg,45,2,1
88,Dr Aayush Gupta,AayushGupta@testmail.com,F,1970-03-28,9b6bc21913d2c97b94f5025be68666b88,https://apolloadmin.askapollo.com/Images/doctors/dermatology/dr-aayush-gupta-dermatology-in-pune.jpg,46,2,1
89,Dr Abdhul Samad,AbdhulSamad@testmail.com,F,1970-03-29,9b6bc21913d2c97b94f5025be68666b89,https://apolloadmin.askapollo.com/Images/DoctorImages/defaultprofilepicmale.jpg,47,2,1
90,Dr Abhineetha Hosthota,AbhineethaHosthota@testmail.com,M,1970-03-30,9b6bc21913d2c97b94f5025be68666b90,https://apolloadmin.askapollo.com/Images/doctors/dermatology/dr-abhineetha-hosthota-dermatology-in-bangalore.jpg,48,2,1
91,Dr Abshishek Dey,AbshishekDey@testmail.com,M,1970-03-31,9b6bc21913d2c97b94f5025be68666b91,https://apolloadmin.askapollo.com/Images/DoctorImages/defaultprofilepicmale.jpg,49,2,1
92,Dr ADITHYA NAGENDRAN,ADITHYANAGENDRAN@testmail.com,M,1970-04-01,9b6bc21913d2c97b94f5025be68666b92,https://apolloadmin.askapollo.com/Images/DoctorImages/defaultprofilepicmale.jpg,50,2,1
93,Dr ADRIJA DATTA,ADRIJADATTA@testmail.com,M,1970-04-02,9b6bc21913d2c97b94f5025be68666b93,https://apolloadmin.askapollo.com/Images/DoctorImages/defaultprofilepicbig.jpg,51,2,1
94,Dr Aftab Mateen,AftabMateen@testmail.com,F,1970-04-03,9b6bc21913d2c97b94f5025be68666b94,https://apolloadmin.askapollo.com/Images/DoctorImages/defaultprofilepicbig.jpg,52,2,1
95,Dr AKSHI BANSAL,AKSHIBANSAL@testmail.com,M,1970-04-04,9b6bc21913d2c97b94f5025be68666b95,https://apolloadmin.askapollo.com/Images/doctors/dermatology/dr-akshi-bansal-dermatology-in-bangalore.jpg,53,2,1
96,Dr Alekya Singapore,AlekyaSingapore@testmail.com,F,1970-04-05,9b6bc21913d2c97b94f5025be68666b96,https://apolloadmin.askapollo.com/Images/doctors/dermatology/dr-alekya-singapore-dermatology-in-hyderabad.jpg,54,2,1
97,Dr Annie Flora G,AnnieFloraG@testmail.com,F,1970-04-06,9b6bc21913d2c97b94f5025be68666b97,https://apolloadmin.askapollo.com/Images/doctors/dermatology/dr-annie-flora-g-dermatology-in-chennai.jpg,55,2,1
98,Dr Antionetta Ashwini J,AntionettaAshwiniJ@testmail.com,M,1970-04-07,9b6bc21913d2c97b94f5025be68666b98,https://apolloadmin.askapollo.com/Images/DoctorImages/defaultprofilepicbig.jpg,56,2,1
99,Dr Aparajita Ghosh,AparajitaGhosh@testmail.com,M,1970-04-08,9b6bc21913d2c97b94f5025be68666b99,https://apolloadmin.askapollo.com/Images/doctors/dermatology/dr-aparajita-ghosh-dermatology-in-kolkata.jpg,57,2,1
100,Dr Aritra Sarkar,AritraSarkar@testmail.com,F,1970-04-09,9b6bc21913d2c97b94f5025be68666b100,https://apolloadmin.askapollo.com/Images/doctors/dermatology/dr-aritra-sarkar-dermatology-in-kolkata.jpg,58,2,1
101,Dr Arjun Lal Das,ArjunLalDas@testmail.com,F,1970-04-10,9b6bc21913d2c97b94f5025be68666b101,https://apolloadmin.askapollo.com/Images/doctors/dermatology/dr-arjun-lal-das-dermatology-in-ghaziabad.jpg,59,2,1
102,Dr Arun Agarwal,ArunAgarwal@testmail.com,F,1970-04-11,9b6bc21913d2c97b94f5025be68666b102,https://apolloadmin.askapollo.com/Images/doctors/dermatology/dr-arun-agarwal-dermatology-in-guwahati.jpg,11,2,1
103,Dr Asmita Dhekne Chebbi,AsmitaDhekneChebbi@testmail.com,F,1970-04-12,9b6bc21913d2c97b94f5025be68666b103,https://apolloadmin.askapollo.com/Images/DoctorImages/defaultprofilepicbig.jpg,14,2,1
104,Dr Chanchal Bhar,ChanchalBhar@testmail.com,F,1970-04-13,9b6bc21913d2c97b94f5025be68666b104,https://apolloadmin.askapollo.com/Images/doctors/dermatology/dr-chanchal-bhar-dermatology-in-kolkata.jpg,60,2,1
105,Dr CHANDANA KONDA,CHANDANAKONDA@testmail.com,M,1970-04-14,9b6bc21913d2c97b94f5025be68666b105,https://apolloadmin.askapollo.com/Images/DoctorImages/defaultprofilepicbig.jpg,61,2,1
106,Dr Deepa K,DeepaK@testmail.com,F,1970-04-15,9b6bc21913d2c97b94f5025be68666b106,https://apolloadmin.askapollo.com/Images/doctors/dermatology/dr-deepa-k-dermatology-in-bangalore.jpg,62,2,1
107,Dr Deepthi M,DeepthiM@testmail.com,M,1970-04-16,9b6bc21913d2c97b94f5025be68666b107,https://apolloadmin.askapollo.com/Images/doctors/dermatology/dr-deepthi-m-dermatology-in-chennai.jpg,63,2,1
108,Dr Deepti Walvekar,DeeptiWalvekar@testmail.com,F,1970-04-17,9b6bc21913d2c97b94f5025be68666b108,https://apolloadmin.askapollo.com/Images/doctors/dermatology/dr-deepti-walvekar-dermatology-in-bangalore.jpg,50,2,1
109,Dr DR GOUTAM BAG,DRGOUTAMBAG@testmail.com,F,1970-04-18,9b6bc21913d2c97b94f5025be68666b109,https://apolloadmin.askapollo.com/Images/doctors/dermatology/dr-dr-goutam-bag-dermatology-in-kolkata.jpg,57,2,1
110,Dr Ema Pradhan,EmaPradhan@testmail.com,M,1970-04-19,9b6bc21913d2c97b94f5025be68666b110,https://apolloadmin.askapollo.com/Images/DoctorImages/defaultprofilepicbig.jpg,64,2,1
111,Dr GANGA DHAR SWARNAKAR,GANGADHARSWARNAKAR@testmail.com,M,1970-04-20,9b6bc21913d2c97b94f5025be68666b111,https://apolloadmin.askapollo.com/Images/doctors/dermatology/dr-ganga-dhar-swarnakar-dermatology-in-kolkata.jpg,65,2,1
112,Dr Gera Raj,GeraRaj@testmail.com,F,1970-04-21,9b6bc21913d2c97b94f5025be68666b112,https://apolloadmin.askapollo.com/Images/doctors/dermatology/dr-gera-raj-dermatology-in-hyderabad.jpeg,66,2,1
113,Dr Gopi Chand Dadithota,GopiChandDadithota@testmail.com,F,1970-04-22,9b6bc21913d2c97b94f5025be68666b113,https://apolloadmin.askapollo.com/Images/DoctorImages/defaultprofilepicmale.jpg,67,2,1
114,Dr Imran Wali,ImranWali@testmail.com,M,1970-04-23,9b6bc21913d2c97b94f5025be68666b114,https://apolloadmin.askapollo.com/Images/DoctorImages/defaultprofilepicmale.jpg,68,2,1
115,Dr Janaki V R,JanakiVR@testmail.com,F,1970-04-24,9b6bc21913d2c97b94f5025be68666b115,https://apolloadmin.askapollo.com/Images/doctors/dermatology/dr-janaki-v-r-dermatology-in-chennai.jpg,69,2,1
116,Dr Joyeeta Chowdhury,JoyeetaChowdhury@testmail.com,F,1970-04-25,9b6bc21913d2c97b94f5025be68666b116,https://apolloadmin.askapollo.com/Images/doctors/dermatology/dr-joyeeta-chowdhury-dermatology-in-kolkata.jpg,57,2,1
117,Dr K Sowmya,KSowmya@testmail.com,F,1970-04-26,9b6bc21913d2c97b94f5025be68666b117,https://apolloadmin.askapollo.com/Images/doctors/dermatology/dr-k-sowmya-dermatology-in-hyderabad.jpg,70,2,1
118,Dr M A Waheed,MAWaheed@testmail.com,F,1970-04-27,9b6bc21913d2c97b94f5025be68666b118,https://apolloadmin.askapollo.com/Images/doctors/dermatology/dr-m-a-waheed-dermatology-in-hyderabad.jpg,54,2,1
119,Dr MADHUR ESHWAR RAO BASUDE,MADHURESHWARRAOBASUDE@testmail.com,F,1970-04-28,9b6bc21913d2c97b94f5025be68666b119,https://apolloadmin.askapollo.com/Images/DoctorImages/defaultprofilepicmale.jpg,46,2,1
120,Dr Malar R,MalarR@testmail.com,M,1970-04-29,9b6bc21913d2c97b94f5025be68666b120,https://apolloadmin.askapollo.com/Images/doctors/dermatology/dr-malar-r-dermatology-in-chennai.jpg,56,2,1
121,Dr Mamta Patil,MamtaPatil@testmail.com,F,1970-04-30,9b6bc21913d2c97b94f5025be68666b121,https://apolloadmin.askapollo.com/Images/doctors/dermatology/dr-mamta-patil-dermatology-in-pune.jpg,46,2,1
122,Dr Meera Shridhar,MeeraShridhar@testmail.com,M,1970-05-01,9b6bc21913d2c97b94f5025be68666b122,https://apolloadmin.askapollo.com/Images/doctors/dermatology/dr-meera-shridhar-dermatology-in-bangalore.jpg,71,2,1
123,Dr MEGHA KAKANI,MEGHAKAKANI@testmail.com,F,1970-05-02,9b6bc21913d2c97b94f5025be68666b123,https://apolloadmin.askapollo.com/Images/DoctorImages/defaultprofilepicbig.jpg,72,2,1
124,Dr MEGHANA KARLEKAR,MEGHANAKARLEKAR@testmail.com,M,1970-05-03,9b6bc21913d2c97b94f5025be68666b124,https://apolloadmin.askapollo.com/Images/doctors/dermatology/dr-meghana-karlekar-dermatology-in-bangalore.jpeg,50,2,1
125,Dr N KARTHINI BABA,NKARTHINIBABA@testmail.com,F,1970-05-04,9b6bc21913d2c97b94f5025be68666b125,https://apolloadmin.askapollo.com/Images/doctors/dermatology/dr-n-karthini-baba-dermatology-in-hyderabad.jpg,61,2,1
126,Dr N Vignesh Karthik,NVigneshKarthik@testmail.com,F,1970-05-05,9b6bc21913d2c97b94f5025be68666b126,https://apolloadmin.askapollo.com/Images/doctors/dermatology/dr-n-vignesh-karthik-dermatology-in-chennai.jpg,52,2,1
127,Dr Nidhi Jindal,NidhiJindal@testmail.com,F,1970-05-06,9b6bc21913d2c97b94f5025be68666b127,https://apolloadmin.askapollo.com/Images/doctors/dermatology/dr-nidhi-jindal-dermatology-in-kolkata.jpg,73,2,1
128,Dr Pallavi B,PallaviB@testmail.com,F,1970-05-07,9b6bc21913d2c97b94f5025be68666b128,https://apolloadmin.askapollo.com/Images/DoctorImages/defaultprofilepicbig.jpg,50,2,1
129,Dr Poovamma A S,PoovammaAS@testmail.com,M,1970-05-08,9b6bc21913d2c97b94f5025be68666b129,https://apolloadmin.askapollo.com/Images/DoctorImages/defaultprofilepicbig.jpg,53,2,1
130,Dr Praveen Bhardwaj,PraveenBhardwaj@testmail.com,F,1970-05-09,9b6bc21913d2c97b94f5025be68666b130,https://apolloadmin.askapollo.com/Images/DoctorImages/defaultprofilepicmale.jpg,50,2,1
131,Dr Praveen Kumar Raju P,PraveenKumarRajuP@testmail.com,M,1970-05-10,9b6bc21913d2c97b94f5025be68666b131,https://apolloadmin.askapollo.com/Images/doctors/dermatology/dr-praveen-kumar-raju-p-dermatology-in-hyderabad.jpg,74,2,1
132,Dr Puneetha B,PuneethaB@testmail.com,M,1970-05-11,9b6bc21913d2c97b94f5025be68666b132,https://apolloadmin.askapollo.com/Images/doctors/dermatology/dr-puneetha-b-dermatology-in-mysore.jpg,75,2,1
133,Dr RADHA PENUMATSA,RADHAPENUMATSA@testmail.com,F,1970-05-12,9b6bc21913d2c97b94f5025be68666b133,https://apolloadmin.askapollo.com/Images/doctors/dermatology/dr-radha-penumatsa-dermatology-in-hyderabad.jpg,76,2,1
134,Dr Radhika Venkat,RadhikaVenkat@testmail.com,F,1970-05-13,9b6bc21913d2c97b94f5025be68666b134,https://apolloadmin.askapollo.com/Images/doctors/dermatology/dr-radhika-venkat-dermatology-in-bangalore.jpeg,77,2,1
135,Dr Rajshree Choudhary,RajshreeChoudhary@testmail.com,M,1970-05-14,9b6bc21913d2c97b94f5025be68666b135,https://apolloadmin.askapollo.com/Images/DoctorImages/defaultprofilepicbig.jpg,78,2,1
136,Dr Ramanan C,RamananC@testmail.com,M,1970-05-15,9b6bc21913d2c97b94f5025be68666b136,https://apolloadmin.askapollo.com/Images/doctors/dermatology/dr-ramanan-c-dermatology-in-chennai.png,79,2,1
137,Dr Ravichandran G,RavichandranG@testmail.com,F,1970-05-16,9b6bc21913d2c97b94f5025be68666b137,https://apolloadmin.askapollo.com/Images/DoctorImages/defaultprofilepicmale.jpg,55,2,1
138,Dr S Venkata Satya Prasad,SVenkataSatyaPrasad@testmail.com,M,1970-05-17,9b6bc21913d2c97b94f5025be68666b138,https://apolloadmin.askapollo.com/Images/doctors/dermatology/dr-s-venkata-satya-prasad-dermatology-in-visakhapatnam.jpeg,67,2,1
139,Dr Sachin Kurade,SachinKurade@testmail.com,F,1970-05-18,9b6bc21913d2c97b94f5025be68666b139,https://apolloadmin.askapollo.com/Images/doctors/dermatology/dr-sachin-kurade-dermatology-in-pune.jpg,80,2,1
140,Dr Sachin Verma,SachinVerma@testmail.com,F,1970-05-19,9b6bc21913d2c97b94f5025be68666b140,https://apolloadmin.askapollo.com/Images/DoctorImages/defaultprofilepicmale.jpg,49,2,1
141,Dr Safia Tanyeem,SafiaTanyeem@testmail.com,F,1970-05-20,9b6bc21913d2c97b94f5025be68666b141,https://apolloadmin.askapollo.com/Images/doctors/dermatology/dr-safia-tanyeem-dermatology-in-bangalore.jpg,14,2,1
142,Dr Sanjib Chowdhury,SanjibChowdhury@testmail.com,F,1970-05-21,9b6bc21913d2c97b94f5025be68666b142,https://apolloadmin.askapollo.com/Images/doctors/dermatology/dr-sanjib-chowdhury-dermatology-in-kolkata.png,68,2,1
143,Dr Sarita Tippanwar,SaritaTippanwar@testmail.com,M,1970-05-22,9b6bc21913d2c97b94f5025be68666b143,https://apolloadmin.askapollo.com/Images/DoctorImages/defaultprofilepicbig.jpg,80,2,1
144,Dr Sarmistha Basak,SarmisthaBasak@testmail.com,M,1970-05-23,9b6bc21913d2c97b94f5025be68666b144,https://apolloadmin.askapollo.com/Images/doctors/dermatology/dr-sarmistha-basak-dermatology-in-kolkata.jpg,57,2,1
145,Dr Satyanarayana Murthy K,SatyanarayanaMurthyK@testmail.com,F,1970-05-24,9b6bc21913d2c97b94f5025be68666b145,https://apolloadmin.askapollo.com/Images/doctors/dermatology/dr-satyanarayana-murthy-k-dermatology-in-hyderabad.jpg,76,2,1
146,Dr Shamsunder Kaliram Agarwal,ShamsunderKaliramAgarwal@testmail.com,F,1970-05-25,9b6bc21913d2c97b94f5025be68666b146,https://apolloadmin.askapollo.com/Images/doctors/dermatology/dr-shamsunder-kaliram-agarwal-dermatology-in-pune.jpg,81,2,1
147,Dr Shashank Bansod,ShashankBansod@testmail.com,F,1970-05-26,9b6bc21913d2c97b94f5025be68666b147,https://apolloadmin.askapollo.com/Images/DoctorImages/defaultprofilepicmale.jpg,78,2,1
148,Dr SHVETA SHARMA,SHVETASHARMA@testmail.com,M,1970-05-27,9b6bc21913d2c97b94f5025be68666b148,https://apolloadmin.askapollo.com/Images/doctors/dermatology/dr-shveta-sharma-dermatology-in-pune.jpg,82,2,1
149,Dr Sindhu P S,SindhuPS@testmail.com,F,1970-05-28,9b6bc21913d2c97b94f5025be68666b149,https://apolloadmin.askapollo.com/Images/DoctorImages/defaultprofilepicbig.jpg,83,2,1
150,Dr Sonakshi Kumar,SonakshiKumar@testmail.com,M,1970-05-29,9b6bc21913d2c97b94f5025be68666b150,https://apolloadmin.askapollo.com/Images/doctors/dermatology/dr-sonakshi-kumar-dermatology-in-bangalore.jpeg,84,2,1
151,Dr Soumyajit Roy Chowdhury,SoumyajitRoyChowdhury@testmail.com,M,1970-05-30,9b6bc21913d2c97b94f5025be68666b151,https://apolloadmin.askapollo.com/Images/DoctorImages/defaultprofilepicmale.jpg,85,2,1
152,Dr SOWMYA NAGA DOGIPARTHI,SOWMYANAGADOGIPARTHI@testmail.com,F,1970-05-31,9b6bc21913d2c97b94f5025be68666b152,https://apolloadmin.askapollo.com/Images/DoctorImages/defaultprofilepicbig.jpg,86,2,1
153,Dr SREE LALITHA V,SREELALITHAV@testmail.com,M,1970-06-01,9b6bc21913d2c97b94f5025be68666b153,https://apolloadmin.askapollo.com/Images/DoctorImages/defaultprofilepicbig.jpg,50,2,1
154,Dr Srividhya C M,SrividhyaCM@testmail.com,M,1970-06-02,9b6bc21913d2c97b94f5025be68666b154,https://apolloadmin.askapollo.com/Images/DoctorImages/defaultprofilepicbig.jpg,87,2,1
155,Dr SRUTHI KAREDDY,SRUTHIKAREDDY@testmail.com,M,1970-06-03,9b6bc21913d2c97b94f5025be68666b155,https://apolloadmin.askapollo.com/Images/DoctorImages/defaultprofilepicbig.jpg,71,2,1
156,Dr Subhashini Mohan,SubhashiniMohan@testmail.com,M,1970-06-04,9b6bc21913d2c97b94f5025be68666b156,https://apolloadmin.askapollo.com/Images/doctors/dermatology/dr-subhashini-mohan-dermatology-in-chennai.jpg,86,2,1
157,Dr Sudha Bhadri,SudhaBhadri@testmail.com,F,1970-06-05,9b6bc21913d2c97b94f5025be68666b157,https://apolloadmin.askapollo.com/Images/doctors/dermatology/dr-sudha-bhadri-dermatology-in-bangalore.jpg,50,2,1
158,Dr Sudip Kr Ghosh,SudipKrGhosh@testmail.com,M,1970-06-06,9b6bc21913d2c97b94f5025be68666b158,https://apolloadmin.askapollo.com/Images/DoctorImages/defaultprofilepicmale.jpg,85,2,1
159,Dr Sujata Sengupta,SujataSengupta@testmail.com,F,1970-06-07,9b6bc21913d2c97b94f5025be68666b159,https://apolloadmin.askapollo.com/Images/DoctorImages/defaultprofilepicbig.jpg,49,2,1
160,Dr SWAGATA CHAKRABARTY,SWAGATACHAKRABARTY@testmail.com,F,1970-06-08,9b6bc21913d2c97b94f5025be68666b160,https://apolloadmin.askapollo.com/Images/doctors/dermatology/dr-swagata-chakrabarty-dermatology-in-bangalore.jpeg,71,2,1
161,Dr Syed Akhib,SyedAkhib@testmail.com,M,1970-06-09,9b6bc21913d2c97b94f5025be68666b161,https://apolloadmin.askapollo.com/Images/doctors/dermatology/dr-syed-akhib-dermatology-in-bangalore.jpg,83,2,1
162,Dr T K Sarkar,TKSarkar@testmail.com,F,1970-06-10,9b6bc21913d2c97b94f5025be68666b162,https://apolloadmin.askapollo.com/Images/doctors/dermatology/dr-t-k-sarkar-dermatology-in-kolkata.jpg,60,2,1
163,Dr Tina Priscilla,TinaPriscilla@testmail.com,M,1970-06-11,9b6bc21913d2c97b94f5025be68666b163,https://apolloadmin.askapollo.com/Images/doctors/dermatology/dr-tina-priscilla-dermatology-in-hyderabad.jpg,61,2,1
164,Dr U Pallavi Rathi Vanthitha,UPallaviRathiVanthitha@testmail.com,F,1970-06-12,9b6bc21913d2c97b94f5025be68666b164,https://apolloadmin.askapollo.com/Images/doctors/dermatology/dr-u-pallavi-rathi-vanthitha-dermatology-in-chennai.jpg,88,2,1
165,Dr VAISHNAVI SABAPATHI,VAISHNAVISABAPATHI@testmail.com,F,1970-06-13,9b6bc21913d2c97b94f5025be68666b165,https://apolloadmin.askapollo.com/Images/DoctorImages/defaultprofilepicbig.jpg,87,2,1
166,Dr Vinay Kumar,VinayKumar@testmail.com,F,1970-06-14,9b6bc21913d2c97b94f5025be68666b166,https://apolloadmin.askapollo.com/Images/DoctorImages/defaultprofilepicmale.jpg,89,2,1
167,Dr Vishnu M Moodalgiri,VishnuMMoodalgiri@testmail.com,F,1970-06-15,9b6bc21913d2c97b94f5025be68666b167,https://apolloadmin.askapollo.com/Images/doctors/dermatology/dr-vishnu-m-moodalgiri-dermatology-in-bangalore.jpg,47,2,1
